위도(x),경도(y),행정동,상태,원본 경로,예측 경로,점검일
37.501328,127.00905,반포4동,grid_cover,,,2025-06-14 02:01:02
37.501328,127.00905,반포4동,grid_0,,,2024-09-10 03:25:50
37.501328,127.00905,반포4동,grid_2,,,2025-09-03 00:14:41
37.501328,127.00905,반포4동,grid_cover,,,2025-09-06 06:15:26
37.501328,127.00905,반포4동,grid_1,,,2025-05-16 12:53:50
37.472553,126.983598,방배2동,grid_0,,,2025-01-17 18:44:15
37.472553,126.983598,방배2동,grid_cover,,,2025-01-14 17:56:08
37.472553,126.983598,방배2동,grid_cover,,,2025-07-13 04:57:21
37.472553,126.983598,방배2동,grid_cover,,,2025-03-30 08:14:51
37.472553,126.983598,방배2동,grid_2,,,2025-01-30 01:25:50
37.471457,127.037881,양재2동,grid_1,,,2024-12-17 21:18:23
37.471457,127.037881,양재2동,grid_0,,,2025-08-29 07:18:17
37.471457,127.037881,양재2동,grid_2,,,2025-03-07 08:07:17
37.471457,127.037881,양재2동,grid_0,,,2024-10-26 02:55:32
37.471457,127.037881,양재2동,grid_0,,,2025-08-29 01:00:15
37.455112,127.03771,양재2동,grid_0,,,2025-04-11 18:29:46
37.455112,127.03771,양재2동,grid_0,,,2024-09-22 16:31:52
37.455112,127.03771,양재2동,grid_0,,,2025-03-10 02:49:20
37.455112,127.03771,양재2동,grid_0,,,2025-04-04 13:28:18
37.455112,127.03771,양재2동,grid_0,,,2025-06-29 02:40:38
37.481688,127.027461,서초2동,grid_cover,,,2024-10-20 06:50:11
37.481688,127.027461,서초2동,grid_1,,,2024-11-10 03:35:51
37.481688,127.027461,서초2동,grid_2,,,2025-05-16 20:13:27
37.481688,127.027461,서초2동,grid_0,,,2025-05-04 02:23:02
37.481688,127.027461,서초2동,grid_0,,,2024-09-27 15:22:49
37.471532,127.017697,양재1동,grid_2,,,2025-01-26 00:25:36
37.471532,127.017697,양재1동,grid_1,,,2024-10-05 06:08:18
37.471532,127.017697,양재1동,grid_cover,,,2024-09-29 02:56:54
37.471532,127.017697,양재1동,grid_2,,,2025-03-21 01:46:02
37.471532,127.017697,양재1동,grid_0,,,2025-02-22 21:16:09
37.512394,126.988333,반포본동,grid_2,,,2025-02-07 13:23:32
37.512394,126.988333,반포본동,grid_cover,,,2025-07-29 14:05:06
37.512394,126.988333,반포본동,grid_1,,,2024-11-16 00:48:03
37.512394,126.988333,반포본동,grid_0,,,2025-05-22 04:28:52
37.512394,126.988333,반포본동,grid_0,,,2025-01-29 02:09:55
37.506907,127.014919,반포1동,grid_1,,,2025-04-08 05:38:31
37.506907,127.014919,반포1동,grid_1,,,2024-09-23 16:25:36
37.506907,127.014919,반포1동,grid_0,,,2025-06-16 08:20:07
37.506907,127.014919,반포1동,grid_0,,,2024-11-07 10:00:27
37.506907,127.014919,반포1동,grid_0,,,2024-12-07 23:43:25
37.496439,127.028044,서초2동,grid_0,,,2024-12-06 12:01:21
37.496439,127.028044,서초2동,grid_2,,,2024-12-25 00:16:51
37.496439,127.028044,서초2동,grid_cover,,,2025-02-08 22:27:19
37.496439,127.028044,서초2동,grid_0,,,2025-07-11 15:50:24
37.496439,127.028044,서초2동,grid_cover,,,2024-11-17 22:17:22
37.487426,126.993698,방배1동,grid_0,,,2025-07-11 13:22:46
37.487426,126.993698,방배1동,grid_1,,,2025-05-29 19:24:30
37.487426,126.993698,방배1동,grid_1,,,2025-06-14 10:56:32
37.487426,126.993698,방배1동,grid_1,,,2024-12-18 04:05:58
37.487426,126.993698,방배1동,grid_1,,,2025-08-10 16:29:00
37.490949,126.985694,방배4동,grid_1,,,2024-11-13 16:24:22
37.490949,126.985694,방배4동,grid_cover,,,2025-03-13 15:36:08
37.490949,126.985694,방배4동,grid_0,,,2025-06-19 20:14:06
37.490949,126.985694,방배4동,grid_0,,,2025-06-29 21:47:37
37.490949,126.985694,방배4동,grid_0,,,2024-09-11 20:08:45
37.501438,126.997384,반포2동,grid_1,,,2025-03-10 19:10:46
37.501438,126.997384,반포2동,grid_2,,,2025-08-01 07:47:00
37.501438,126.997384,반포2동,grid_0,,,2025-03-12 15:08:48
37.501438,126.997384,반포2동,grid_0,,,2025-05-25 10:09:51
37.501438,126.997384,반포2동,grid_cover,,,2024-12-07 23:24:36
37.483479,127.009445,서초3동,grid_2,,,2025-02-14 17:28:06
37.483479,127.009445,서초3동,grid_0,,,2025-04-01 23:52:55
37.483479,127.009445,서초3동,grid_1,,,2025-07-20 10:01:31
37.483479,127.009445,서초3동,grid_0,,,2025-05-16 12:21:36
37.483479,127.009445,서초3동,grid_0,,,2024-10-19 16:44:25
37.460944,127.055101,내곡동,grid_cover,,,2025-05-22 17:16:46
37.460944,127.055101,내곡동,grid_1,,,2025-06-05 20:33:20
37.460944,127.055101,내곡동,grid_0,,,2025-01-08 03:15:45
37.460944,127.055101,내곡동,grid_0,,,2025-01-14 22:11:11
37.460944,127.055101,내곡동,grid_0,,,2025-01-14 20:13:30
37.485036,126.988796,방배2동,grid_2,,,2025-04-29 10:31:52
37.485036,126.988796,방배2동,grid_1,,,2025-01-29 09:57:20
37.485036,126.988796,방배2동,grid_0,,,2024-11-08 22:13:58
37.485036,126.988796,방배2동,grid_0,,,2025-05-22 09:41:01
37.485036,126.988796,방배2동,grid_2,,,2025-08-26 14:19:09
37.490721,127.008166,서초3동,grid_cover,,,2025-03-08 11:57:17
37.490721,127.008166,서초3동,grid_0,,,2025-03-23 18:01:46
37.490721,127.008166,서초3동,grid_cover,,,2025-07-12 00:40:34
37.490721,127.008166,서초3동,grid_2,,,2025-08-10 23:10:35
37.490721,127.008166,서초3동,grid_0,,,2024-10-19 02:26:56
37.453744,127.049344,양재2동,grid_cover,,,2025-05-08 06:16:42
37.453744,127.049344,양재2동,grid_cover,,,2025-04-25 17:54:43
37.453744,127.049344,양재2동,grid_cover,,,2025-02-05 21:37:09
37.453744,127.049344,양재2동,grid_0,,,2024-09-01 08:18:26
37.453744,127.049344,양재2동,grid_0,,,2024-11-19 21:40:07
37.497305,127.024665,서초4동,grid_0,,,2025-06-10 01:50:59
37.497305,127.024665,서초4동,grid_cover,,,2025-03-14 05:05:35
37.497305,127.024665,서초4동,grid_cover,,,2024-10-20 06:48:14
37.497305,127.024665,서초4동,grid_0,,,2025-05-07 11:35:35
37.497305,127.024665,서초4동,grid_2,,,2025-05-07 19:19:07
37.479296,127.015085,서초3동,grid_1,,,2025-05-10 12:40:50
37.479296,127.015085,서초3동,grid_0,,,2025-07-11 01:26:48
37.479296,127.015085,서초3동,grid_1,,,2025-01-16 04:04:10
37.479296,127.015085,서초3동,grid_0,,,2025-07-12 16:58:01
37.479296,127.015085,서초3동,grid_1,,,2025-06-24 19:04:27
37.462544,127.015323,양재1동,grid_0,,,2025-05-06 10:41:41
37.462544,127.015323,양재1동,grid_0,,,2024-10-13 04:53:06
37.462544,127.015323,양재1동,grid_2,,,2024-09-28 08:49:12
37.462544,127.015323,양재1동,grid_1,,,2024-12-10 05:04:57
37.462544,127.015323,양재1동,grid_0,,,2025-04-04 11:42:48
37.454345,127.049397,양재2동,grid_0,,,2025-04-07 12:24:03
37.454345,127.049397,양재2동,grid_cover,,,2024-11-24 11:43:19
37.454345,127.049397,양재2동,grid_cover,,,2025-05-23 11:14:22
37.454345,127.049397,양재2동,grid_cover,,,2025-02-03 00:22:56
37.454345,127.049397,양재2동,grid_cover,,,2024-12-28 06:15:30
37.47346,127.036423,양재2동,grid_cover,,,2025-07-04 13:09:16
37.47346,127.036423,양재2동,grid_1,,,2025-02-14 17:55:24
37.47346,127.036423,양재2동,grid_2,,,2024-09-03 08:19:28
37.47346,127.036423,양재2동,grid_0,,,2025-05-01 11:04:17
37.47346,127.036423,양재2동,grid_1,,,2024-12-29 03:39:26
37.464497,126.989177,방배2동,grid_0,,,2025-04-05 08:18:43
37.464497,126.989177,방배2동,grid_cover,,,2025-03-30 21:50:17
37.464497,126.989177,방배2동,grid_cover,,,2025-01-21 12:28:30
37.464497,126.989177,방배2동,grid_2,,,2025-01-21 11:00:01
37.464497,126.989177,방배2동,grid_cover,,,2025-01-05 13:07:14
37.499099,127.008668,반포4동,grid_0,,,2024-10-13 01:58:46
37.499099,127.008668,반포4동,grid_2,,,2024-11-02 11:12:34
37.499099,127.008668,반포4동,grid_0,,,2025-06-07 01:00:01
37.499099,127.008668,반포4동,grid_cover,,,2025-08-01 00:47:50
37.499099,127.008668,반포4동,grid_0,,,2025-02-07 13:15:45
37.465148,127.004724,양재1동,grid_0,,,2024-11-15 05:37:14
37.465148,127.004724,양재1동,grid_1,,,2024-11-04 19:34:06
37.465148,127.004724,양재1동,grid_cover,,,2024-12-25 07:19:25
37.465148,127.004724,양재1동,grid_0,,,2025-06-27 07:03:29
37.465148,127.004724,양재1동,grid_cover,,,2024-12-13 22:55:49
37.464276,127.027296,양재1동,grid_cover,,,2025-08-27 10:40:14
37.464276,127.027296,양재1동,grid_1,,,2025-07-22 18:01:19
37.464276,127.027296,양재1동,grid_2,,,2025-06-22 15:54:55
37.464276,127.027296,양재1동,grid_2,,,2025-03-10 16:24:00
37.464276,127.027296,양재1동,grid_0,,,2025-07-01 20:53:04
37.47776,127.027412,양재1동,grid_2,,,2025-02-17 07:27:21
37.47776,127.027412,양재1동,grid_0,,,2025-08-31 03:44:09
37.47776,127.027412,양재1동,grid_1,,,2024-10-07 22:42:48
37.47776,127.027412,양재1동,grid_cover,,,2025-08-02 01:15:21
37.47776,127.027412,양재1동,grid_0,,,2024-11-07 03:57:14
37.497512,127.021393,서초4동,grid_2,,,2025-03-26 15:01:11
37.497512,127.021393,서초4동,grid_0,,,2025-03-12 17:38:30
37.497512,127.021393,서초4동,grid_2,,,2024-09-19 11:17:11
37.497512,127.021393,서초4동,grid_0,,,2025-07-20 04:24:26
37.497512,127.021393,서초4동,grid_cover,,,2024-12-05 08:18:24
37.514407,127.016527,잠원동,grid_0,,,2025-08-28 22:41:59
37.514407,127.016527,잠원동,grid_cover,,,2025-04-09 20:29:04
37.514407,127.016527,잠원동,grid_0,,,2024-12-30 09:42:31
37.514407,127.016527,잠원동,grid_0,,,2025-07-26 10:32:00
37.514407,127.016527,잠원동,grid_0,,,2024-10-10 09:10:08
37.471473,127.012308,양재1동,grid_1,,,2025-04-11 06:29:54
37.471473,127.012308,양재1동,grid_cover,,,2025-08-22 23:21:34
37.471473,127.012308,양재1동,grid_cover,,,2025-08-25 17:52:28
37.471473,127.012308,양재1동,grid_cover,,,2025-01-18 00:00:06
37.471473,127.012308,양재1동,grid_2,,,2024-12-05 10:25:58
37.481982,126.985224,방배2동,grid_1,,,2024-09-04 04:23:21
37.481982,126.985224,방배2동,grid_0,,,2025-08-15 00:50:22
37.481982,126.985224,방배2동,grid_cover,,,2025-06-10 06:36:42
37.481982,126.985224,방배2동,grid_1,,,2025-06-11 16:42:55
37.481982,126.985224,방배2동,grid_cover,,,2025-07-27 16:21:47
37.466903,126.995278,방배2동,grid_1,,,2024-10-26 21:56:09
37.466903,126.995278,방배2동,grid_0,,,2025-02-28 05:44:11
37.466903,126.995278,방배2동,grid_0,,,2025-06-28 05:18:14
37.466903,126.995278,방배2동,grid_2,,,2024-09-06 22:02:16
37.466903,126.995278,방배2동,grid_2,,,2025-01-29 00:21:29
37.491132,127.024217,서초2동,grid_cover,,,2024-12-09 18:07:32
37.491132,127.024217,서초2동,grid_2,,,2025-06-11 16:00:37
37.491132,127.024217,서초2동,grid_2,,,2025-05-26 20:41:34
37.491132,127.024217,서초2동,grid_cover,,,2025-06-22 08:42:10
37.491132,127.024217,서초2동,grid_0,,,2025-08-24 02:16:57
37.5201,127.006594,잠원동,grid_1,,,2024-10-03 12:10:51
37.5201,127.006594,잠원동,grid_0,,,2025-05-18 22:24:26
37.5201,127.006594,잠원동,grid_cover,,,2025-01-04 00:22:29
37.5201,127.006594,잠원동,grid_2,,,2025-07-27 00:23:41
37.5201,127.006594,잠원동,grid_0,,,2025-02-28 03:11:21
37.515997,126.997358,반포3동,grid_0,,,2025-03-02 06:41:13
37.515997,126.997358,반포3동,grid_0,,,2025-06-30 09:36:32
37.515997,126.997358,반포3동,grid_0,,,2025-06-15 03:51:24
37.515997,126.997358,반포3동,grid_1,,,2024-12-31 11:34:59
37.515997,126.997358,반포3동,grid_0,,,2025-07-06 13:04:08
37.481514,126.994934,방배1동,grid_2,,,2024-10-28 22:41:56
37.481514,126.994934,방배1동,grid_0,,,2024-12-24 23:49:49
37.481514,126.994934,방배1동,grid_0,,,2025-05-20 05:46:53
37.481514,126.994934,방배1동,grid_1,,,2024-12-05 18:13:31
37.481514,126.994934,방배1동,grid_1,,,2025-06-21 21:10:29
37.49406,127.026948,서초2동,grid_2,,,2024-09-14 09:25:18
37.49406,127.026948,서초2동,grid_0,,,2025-05-25 09:12:30
37.49406,127.026948,서초2동,grid_2,,,2025-02-06 16:31:18
37.49406,127.026948,서초2동,grid_1,,,2025-04-18 21:34:51
37.49406,127.026948,서초2동,grid_0,,,2025-03-04 19:27:02
37.459911,127.050464,내곡동,grid_0,,,2025-03-03 01:45:38
37.459911,127.050464,내곡동,grid_cover,,,2024-10-11 13:19:39
37.459911,127.050464,내곡동,grid_2,,,2025-04-07 06:05:10
37.459911,127.050464,내곡동,grid_2,,,2025-05-04 02:57:56
37.459911,127.050464,내곡동,grid_2,,,2025-05-21 06:13:57
37.494034,127.026029,서초2동,grid_1,,,2025-07-30 06:52:48
37.494034,127.026029,서초2동,grid_1,,,2025-02-17 11:12:40
37.494034,127.026029,서초2동,grid_cover,,,2024-12-12 20:59:10
37.494034,127.026029,서초2동,grid_0,,,2025-07-10 05:52:00
37.494034,127.026029,서초2동,grid_1,,,2024-10-29 01:44:11
37.460572,127.055003,내곡동,grid_cover,,,2024-12-09 12:31:40
37.460572,127.055003,내곡동,grid_1,,,2025-02-03 11:26:39
37.460572,127.055003,내곡동,grid_1,,,2025-02-28 16:29:48
37.460572,127.055003,내곡동,grid_0,,,2025-05-08 15:54:38
37.460572,127.055003,내곡동,grid_2,,,2025-08-23 07:14:09
37.498961,127.020832,서초4동,grid_1,,,2024-09-09 23:34:51
37.498961,127.020832,서초4동,grid_2,,,2025-06-04 03:14:05
37.498961,127.020832,서초4동,grid_0,,,2025-08-01 05:33:23
37.498961,127.020832,서초4동,grid_0,,,2025-02-03 08:34:27
37.498961,127.020832,서초4동,grid_2,,,2025-04-30 10:36:11
37.471787,127.04187,양재2동,grid_1,,,2024-11-23 04:13:09
37.471787,127.04187,양재2동,grid_0,,,2025-01-16 08:04:33
37.471787,127.04187,양재2동,grid_0,,,2024-11-02 03:35:51
37.471787,127.04187,양재2동,grid_0,,,2025-04-27 20:27:41
37.471787,127.04187,양재2동,grid_0,,,2025-03-12 19:23:01
37.467714,127.056258,내곡동,grid_cover,,,2024-11-12 11:44:20
37.467714,127.056258,내곡동,grid_2,,,2025-06-11 07:19:51
37.467714,127.056258,내곡동,grid_0,,,2024-10-09 04:58:08
37.467714,127.056258,내곡동,grid_cover,,,2024-09-23 17:14:58
37.467714,127.056258,내곡동,grid_2,,,2025-04-24 22:01:31
37.456036,127.017542,양재1동,grid_1,,,2024-09-03 16:58:22
37.456036,127.017542,양재1동,grid_0,,,2025-04-02 22:17:45
37.456036,127.017542,양재1동,grid_0,,,2025-08-23 17:22:33
37.456036,127.017542,양재1동,grid_cover,,,2024-10-17 07:12:55
37.456036,127.017542,양재1동,grid_cover,,,2025-04-11 03:27:24
37.500039,127.017542,서초4동,grid_2,,,2025-07-30 05:03:44
37.500039,127.017542,서초4동,grid_1,,,2024-12-02 22:26:04
37.500039,127.017542,서초4동,grid_1,,,2025-07-02 23:18:26
37.500039,127.017542,서초4동,grid_1,,,2024-12-31 00:11:22
37.500039,127.017542,서초4동,grid_cover,,,2025-05-18 16:06:54
37.472296,127.004887,방배3동,grid_0,,,2025-06-16 04:01:24
37.472296,127.004887,방배3동,grid_0,,,2025-04-14 15:52:44
37.472296,127.004887,방배3동,grid_0,,,2025-04-09 17:21:54
37.472296,127.004887,방배3동,grid_2,,,2025-07-06 16:18:43
37.472296,127.004887,방배3동,grid_0,,,2025-07-22 00:44:56
37.477582,127.032216,양재1동,grid_0,,,2024-11-26 08:46:47
37.477582,127.032216,양재1동,grid_0,,,2025-01-22 18:10:17
37.477582,127.032216,양재1동,grid_0,,,2025-03-04 04:09:54
37.477582,127.032216,양재1동,grid_0,,,2025-03-04 01:21:05
37.477582,127.032216,양재1동,grid_2,,,2025-02-13 22:24:07
37.460104,127.050165,내곡동,grid_cover,,,2025-08-19 08:15:45
37.460104,127.050165,내곡동,grid_0,,,2025-01-04 22:10:49
37.460104,127.050165,내곡동,grid_0,,,2024-10-10 21:42:09
37.460104,127.050165,내곡동,grid_0,,,2024-10-26 00:37:36
37.460104,127.050165,내곡동,grid_cover,,,2025-06-11 04:46:08
37.516363,127.007626,반포3동,grid_1,,,2025-01-23 09:02:04
37.516363,127.007626,반포3동,grid_0,,,2025-07-15 13:17:47
37.516363,127.007626,반포3동,grid_0,,,2025-02-24 17:49:50
37.516363,127.007626,반포3동,grid_0,,,2024-12-29 10:49:05
37.516363,127.007626,반포3동,grid_cover,,,2024-10-04 04:33:33
37.50458,127.009014,반포4동,grid_cover,,,2024-11-22 08:57:09
37.50458,127.009014,반포4동,grid_2,,,2025-04-10 21:40:36
37.50458,127.009014,반포4동,grid_2,,,2025-08-30 12:50:00
37.50458,127.009014,반포4동,grid_1,,,2025-06-18 04:40:26
37.50458,127.009014,반포4동,grid_0,,,2025-07-21 11:43:26
37.46785,127.008468,양재1동,grid_0,,,2025-01-26 14:54:49
37.46785,127.008468,양재1동,grid_1,,,2025-06-11 00:21:56
37.46785,127.008468,양재1동,grid_0,,,2024-11-07 14:38:10
37.46785,127.008468,양재1동,grid_0,,,2025-06-20 04:09:25
37.46785,127.008468,양재1동,grid_cover,,,2025-07-16 14:18:01
37.479964,127.007355,서초3동,grid_2,,,2024-11-12 23:50:27
37.479964,127.007355,서초3동,grid_1,,,2025-03-24 09:02:45
37.479964,127.007355,서초3동,grid_cover,,,2024-10-04 22:13:40
37.479964,127.007355,서초3동,grid_1,,,2025-06-13 15:48:18
37.479964,127.007355,서초3동,grid_0,,,2024-12-24 03:06:34
37.474577,127.043778,양재2동,grid_1,,,2025-05-21 20:15:55
37.474577,127.043778,양재2동,grid_0,,,2025-08-05 09:54:08
37.474577,127.043778,양재2동,grid_2,,,2024-12-04 18:50:26
37.474577,127.043778,양재2동,grid_0,,,2025-08-22 04:28:05
37.474577,127.043778,양재2동,grid_0,,,2024-12-23 07:24:17
37.479772,126.99787,방배3동,grid_cover,,,2025-05-12 05:52:21
37.479772,126.99787,방배3동,grid_0,,,2025-04-01 11:23:26
37.479772,126.99787,방배3동,grid_2,,,2025-07-27 02:11:08
37.479772,126.99787,방배3동,grid_2,,,2025-08-20 03:19:26
37.479772,126.99787,방배3동,grid_2,,,2025-02-17 05:04:36
37.472473,127.03801,양재2동,grid_0,,,2025-09-03 10:07:14
37.472473,127.03801,양재2동,grid_cover,,,2025-03-08 06:38:00
37.472473,127.03801,양재2동,grid_1,,,2025-06-30 10:54:31
37.472473,127.03801,양재2동,grid_1,,,2025-08-14 23:15:55
37.472473,127.03801,양재2동,grid_cover,,,2025-02-17 10:53:15
37.481561,127.003614,서초3동,grid_cover,,,2025-05-28 13:58:31
37.481561,127.003614,서초3동,grid_cover,,,2025-07-06 19:46:57
37.481561,127.003614,서초3동,grid_1,,,2025-03-11 12:39:09
37.481561,127.003614,서초3동,grid_cover,,,2025-08-19 20:33:58
37.481561,127.003614,서초3동,grid_1,,,2025-04-20 08:34:54
37.48189,127.019821,서초1동,grid_2,,,2024-09-06 11:54:20
37.48189,127.019821,서초1동,grid_2,,,2025-03-22 03:31:38
37.48189,127.019821,서초1동,grid_cover,,,2025-08-25 01:45:30
37.48189,127.019821,서초1동,grid_0,,,2025-05-27 18:25:41
37.48189,127.019821,서초1동,grid_cover,,,2025-07-15 10:37:35
37.467841,127.027304,양재1동,grid_0,,,2025-01-14 23:37:55
37.467841,127.027304,양재1동,grid_1,,,2025-07-31 08:19:57
37.467841,127.027304,양재1동,grid_0,,,2024-10-08 16:54:01
37.467841,127.027304,양재1동,grid_2,,,2025-04-19 10:46:19
37.467841,127.027304,양재1동,grid_cover,,,2025-03-05 05:22:56
37.466786,127.014553,양재1동,grid_0,,,2024-12-09 19:44:29
37.466786,127.014553,양재1동,grid_0,,,2024-12-18 05:56:11
37.466786,127.014553,양재1동,grid_0,,,2025-06-20 22:55:32
37.466786,127.014553,양재1동,grid_0,,,2025-02-07 20:53:44
37.466786,127.014553,양재1동,grid_2,,,2024-11-25 04:21:25
37.462933,126.991358,방배2동,grid_cover,,,2024-11-27 21:16:31
37.462933,126.991358,방배2동,grid_0,,,2025-04-29 16:56:20
37.462933,126.991358,방배2동,grid_2,,,2025-04-27 04:36:07
37.462933,126.991358,방배2동,grid_1,,,2024-09-14 08:25:06
37.462933,126.991358,방배2동,grid_2,,,2024-11-28 03:18:43
37.486572,126.996114,방배1동,grid_2,,,2025-02-06 07:19:34
37.486572,126.996114,방배1동,grid_cover,,,2025-01-25 23:47:51
37.486572,126.996114,방배1동,grid_0,,,2025-02-23 12:03:41
37.486572,126.996114,방배1동,grid_1,,,2025-07-27 16:59:52
37.486572,126.996114,방배1동,grid_2,,,2024-12-22 00:01:13
37.467824,127.057469,내곡동,grid_2,,,2025-04-02 00:10:27
37.467824,127.057469,내곡동,grid_0,,,2025-05-27 04:18:01
37.467824,127.057469,내곡동,grid_cover,,,2024-10-01 06:44:34
37.467824,127.057469,내곡동,grid_2,,,2024-11-24 12:37:13
37.467824,127.057469,내곡동,grid_cover,,,2025-04-27 20:04:54
37.469006,127.008752,양재1동,grid_1,,,2025-08-08 22:33:26
37.469006,127.008752,양재1동,grid_2,,,2025-04-29 09:08:59
37.469006,127.008752,양재1동,grid_1,,,2024-12-08 04:32:57
37.469006,127.008752,양재1동,grid_0,,,2025-03-18 14:55:36
37.469006,127.008752,양재1동,grid_cover,,,2025-07-02 07:52:22
37.522599,127.010437,잠원동,grid_0,,,2024-10-17 09:14:36
37.522599,127.010437,잠원동,grid_1,,,2025-05-27 19:08:53
37.522599,127.010437,잠원동,grid_2,,,2025-02-02 09:09:49
37.522599,127.010437,잠원동,grid_2,,,2025-03-25 06:09:09
37.522599,127.010437,잠원동,grid_0,,,2025-05-12 11:48:23
37.461355,127.012157,양재1동,grid_2,,,2025-01-29 07:06:41
37.461355,127.012157,양재1동,grid_1,,,2024-09-21 17:52:28
37.461355,127.012157,양재1동,grid_0,,,2024-11-16 15:10:44
37.461355,127.012157,양재1동,grid_0,,,2025-02-07 11:46:00
37.461355,127.012157,양재1동,grid_0,,,2025-07-25 23:35:53
37.482127,127.016675,서초3동,grid_0,,,2024-12-01 02:20:27
37.482127,127.016675,서초3동,grid_0,,,2024-09-16 21:01:40
37.482127,127.016675,서초3동,grid_0,,,2025-09-05 16:07:32
37.482127,127.016675,서초3동,grid_cover,,,2025-01-20 09:12:24
37.482127,127.016675,서초3동,grid_2,,,2025-03-02 21:35:28
37.468127,127.052279,내곡동,grid_2,,,2025-01-15 22:20:07
37.468127,127.052279,내곡동,grid_0,,,2025-04-16 20:24:46
37.468127,127.052279,내곡동,grid_cover,,,2025-08-16 12:00:42
37.468127,127.052279,내곡동,grid_1,,,2025-02-21 06:37:09
37.468127,127.052279,내곡동,grid_cover,,,2024-09-11 14:17:37
37.476953,127.00171,방배3동,grid_2,,,2025-02-26 08:10:51
37.476953,127.00171,방배3동,grid_2,,,2025-06-13 01:29:24
37.476953,127.00171,방배3동,grid_cover,,,2024-12-30 17:14:40
37.476953,127.00171,방배3동,grid_2,,,2025-01-18 17:16:35
37.476953,127.00171,방배3동,grid_1,,,2025-04-07 17:43:36
37.458332,127.053089,내곡동,grid_0,,,2024-10-30 02:59:51
37.458332,127.053089,내곡동,grid_0,,,2025-05-31 19:48:42
37.458332,127.053089,내곡동,grid_0,,,2025-04-20 17:37:05
37.458332,127.053089,내곡동,grid_cover,,,2025-07-21 06:51:20
37.458332,127.053089,내곡동,grid_0,,,2024-09-18 08:58:40
37.464467,127.047531,내곡동,grid_cover,,,2024-12-25 06:03:49
37.464467,127.047531,내곡동,grid_cover,,,2025-03-30 00:04:59
37.464467,127.047531,내곡동,grid_cover,,,2025-08-05 05:11:51
37.464467,127.047531,내곡동,grid_0,,,2025-01-11 06:17:29
37.464467,127.047531,내곡동,grid_0,,,2025-04-02 00:00:32
37.469425,127.039051,양재2동,grid_0,,,2025-08-07 22:42:25
37.469425,127.039051,양재2동,grid_0,,,2025-02-11 18:24:36
37.469425,127.039051,양재2동,grid_2,,,2024-10-24 16:55:51
37.469425,127.039051,양재2동,grid_1,,,2025-03-19 02:49:15
37.469425,127.039051,양재2동,grid_cover,,,2025-05-31 15:52:49
37.4675,127.032639,양재2동,grid_0,,,2025-06-28 17:59:00
37.4675,127.032639,양재2동,grid_1,,,2024-11-05 21:54:05
37.4675,127.032639,양재2동,grid_0,,,2025-04-06 05:42:32
37.4675,127.032639,양재2동,grid_0,,,2025-01-29 23:22:21
37.4675,127.032639,양재2동,grid_1,,,2025-06-17 10:19:24
37.460483,127.052066,내곡동,grid_0,,,2025-09-05 15:22:17
37.460483,127.052066,내곡동,grid_2,,,2024-09-04 06:35:52
37.460483,127.052066,내곡동,grid_2,,,2024-11-18 15:56:03
37.460483,127.052066,내곡동,grid_0,,,2024-11-24 22:57:02
37.460483,127.052066,내곡동,grid_2,,,2024-12-03 09:15:17
37.458461,127.056001,내곡동,grid_2,,,2025-06-18 10:41:41
37.458461,127.056001,내곡동,grid_1,,,2025-01-20 06:20:40
37.458461,127.056001,내곡동,grid_0,,,2025-07-29 18:33:26
37.458461,127.056001,내곡동,grid_cover,,,2025-01-22 14:11:28
37.458461,127.056001,내곡동,grid_0,,,2025-03-09 03:32:58
37.46392,127.02457,양재1동,grid_2,,,2025-07-14 17:04:17
37.46392,127.02457,양재1동,grid_0,,,2024-12-11 10:38:30
37.46392,127.02457,양재1동,grid_cover,,,2024-12-04 19:32:47
37.46392,127.02457,양재1동,grid_1,,,2024-11-21 05:56:23
37.46392,127.02457,양재1동,grid_2,,,2025-06-11 23:50:00
37.492264,127.013794,서초3동,grid_0,,,2025-03-12 07:30:03
37.492264,127.013794,서초3동,grid_2,,,2025-08-27 19:27:15
37.492264,127.013794,서초3동,grid_2,,,2024-12-25 15:24:25
37.492264,127.013794,서초3동,grid_0,,,2025-07-17 07:25:45
37.492264,127.013794,서초3동,grid_0,,,2024-09-19 02:48:55
37.467151,127.047396,내곡동,grid_1,,,2025-04-18 23:40:59
37.467151,127.047396,내곡동,grid_1,,,2025-01-24 03:40:48
37.467151,127.047396,내곡동,grid_0,,,2024-12-21 00:16:01
37.467151,127.047396,내곡동,grid_2,,,2025-08-12 19:17:40
37.467151,127.047396,내곡동,grid_0,,,2024-09-07 00:48:51
37.47726,127.007625,서초3동,grid_0,,,2025-04-09 20:28:16
37.47726,127.007625,서초3동,grid_0,,,2025-05-14 05:03:15
37.47726,127.007625,서초3동,grid_cover,,,2025-06-03 00:28:36
37.47726,127.007625,서초3동,grid_1,,,2024-12-15 05:37:17
37.47726,127.007625,서초3동,grid_2,,,2025-02-24 14:00:19
37.505381,126.998216,반포2동,grid_1,,,2024-10-05 12:48:54
37.505381,126.998216,반포2동,grid_cover,,,2025-08-05 09:21:39
37.505381,126.998216,반포2동,grid_0,,,2024-11-08 09:54:58
37.505381,126.998216,반포2동,grid_1,,,2025-07-06 04:41:50
37.505381,126.998216,반포2동,grid_0,,,2025-05-10 04:41:02
37.52126,127.017278,잠원동,grid_cover,,,2024-11-21 14:31:07
37.52126,127.017278,잠원동,grid_cover,,,2024-10-14 06:10:00
37.52126,127.017278,잠원동,grid_2,,,2025-07-11 07:54:55
37.52126,127.017278,잠원동,grid_1,,,2025-05-05 17:57:24
37.52126,127.017278,잠원동,grid_cover,,,2025-06-05 12:36:38
37.479976,127.000664,방배3동,grid_1,,,2025-08-02 19:19:31
37.479976,127.000664,방배3동,grid_0,,,2024-12-18 20:04:50
37.479976,127.000664,방배3동,grid_0,,,2025-03-16 00:28:32
37.479976,127.000664,방배3동,grid_2,,,2025-05-18 21:34:55
37.479976,127.000664,방배3동,grid_0,,,2024-09-23 13:46:58
37.483796,127.0095,서초3동,grid_2,,,2025-01-17 23:39:24
37.483796,127.0095,서초3동,grid_0,,,2025-06-12 03:58:18
37.483796,127.0095,서초3동,grid_0,,,2025-06-10 04:57:57
37.483796,127.0095,서초3동,grid_1,,,2025-08-07 00:27:47
37.483796,127.0095,서초3동,grid_2,,,2024-09-10 04:39:50
37.477812,127.034202,양재1동,grid_2,,,2025-07-25 08:35:34
37.477812,127.034202,양재1동,grid_1,,,2025-04-12 14:06:55
37.477812,127.034202,양재1동,grid_0,,,2024-12-16 02:23:06
37.477812,127.034202,양재1동,grid_cover,,,2024-10-09 08:28:59
37.477812,127.034202,양재1동,grid_1,,,2024-09-04 13:09:05
37.465084,127.029849,양재1동,grid_cover,,,2025-08-25 02:53:28
37.465084,127.029849,양재1동,grid_1,,,2024-11-13 08:33:08
37.465084,127.029849,양재1동,grid_0,,,2025-01-28 18:44:13
37.465084,127.029849,양재1동,grid_1,,,2025-07-24 12:24:47
37.465084,127.029849,양재1동,grid_1,,,2025-03-31 03:39:41
37.465195,127.018312,양재1동,grid_2,,,2024-09-25 02:55:27
37.465195,127.018312,양재1동,grid_cover,,,2025-02-02 22:36:37
37.465195,127.018312,양재1동,grid_0,,,2025-07-24 13:31:38
37.465195,127.018312,양재1동,grid_cover,,,2025-05-05 03:57:25
37.465195,127.018312,양재1동,grid_2,,,2024-12-29 03:12:19
37.466717,127.053837,내곡동,grid_0,,,2025-06-24 20:35:04
37.466717,127.053837,내곡동,grid_2,,,2025-03-26 01:52:06
37.466717,127.053837,내곡동,grid_cover,,,2025-04-16 15:52:23
37.466717,127.053837,내곡동,grid_2,,,2025-01-24 01:53:14
37.466717,127.053837,내곡동,grid_1,,,2024-11-30 16:08:47
37.511934,127.01054,잠원동,grid_2,,,2025-09-07 00:24:51
37.511934,127.01054,잠원동,grid_0,,,2024-11-19 06:38:59
37.511934,127.01054,잠원동,grid_0,,,2024-09-14 07:39:12
37.511934,127.01054,잠원동,grid_1,,,2024-09-27 15:51:12
37.511934,127.01054,잠원동,grid_0,,,2025-04-06 13:12:34
37.521457,127.011679,잠원동,grid_cover,,,2025-05-07 22:16:03
37.521457,127.011679,잠원동,grid_0,,,2025-04-11 03:25:50
37.521457,127.011679,잠원동,grid_0,,,2025-05-28 12:53:02
37.521457,127.011679,잠원동,grid_1,,,2025-04-14 08:46:39
37.521457,127.011679,잠원동,grid_cover,,,2025-05-24 20:49:14
37.483474,127.005836,서초3동,grid_0,,,2024-12-03 11:30:23
37.483474,127.005836,서초3동,grid_1,,,2024-11-25 10:06:10
37.483474,127.005836,서초3동,grid_1,,,2024-12-18 17:02:34
37.483474,127.005836,서초3동,grid_cover,,,2024-09-05 14:58:12
37.483474,127.005836,서초3동,grid_1,,,2025-08-11 04:52:31
37.473046,127.00555,방배3동,grid_cover,,,2025-06-25 02:33:29
37.473046,127.00555,방배3동,grid_2,,,2024-10-08 13:19:48
37.473046,127.00555,방배3동,grid_2,,,2025-06-02 14:38:30
37.473046,127.00555,방배3동,grid_2,,,2024-10-24 05:36:20
37.473046,127.00555,방배3동,grid_2,,,2024-12-19 17:46:25
37.472961,127.008202,방배3동,grid_1,,,2025-04-26 05:37:34
37.472961,127.008202,방배3동,grid_1,,,2024-12-22 12:26:56
37.472961,127.008202,방배3동,grid_2,,,2025-06-16 12:26:02
37.472961,127.008202,방배3동,grid_0,,,2025-03-08 01:29:16
37.472961,127.008202,방배3동,grid_cover,,,2025-05-31 21:13:05
37.5127,127.009939,잠원동,grid_0,,,2025-02-23 20:59:46
37.5127,127.009939,잠원동,grid_cover,,,2024-10-16 07:20:01
37.5127,127.009939,잠원동,grid_2,,,2024-11-18 07:59:31
37.5127,127.009939,잠원동,grid_cover,,,2025-08-03 15:56:00
37.5127,127.009939,잠원동,grid_0,,,2025-01-24 02:13:34
37.477643,127.040216,양재1동,grid_0,,,2025-02-11 03:49:27
37.477643,127.040216,양재1동,grid_1,,,2024-12-26 22:46:41
37.477643,127.040216,양재1동,grid_1,,,2024-12-07 11:41:44
37.477643,127.040216,양재1동,grid_1,,,2024-11-21 08:53:59
37.477643,127.040216,양재1동,grid_0,,,2025-06-29 05:49:04
37.491963,126.98949,방배4동,grid_cover,,,2025-04-04 14:37:58
37.491963,126.98949,방배4동,grid_0,,,2024-09-14 13:58:11
37.491963,126.98949,방배4동,grid_0,,,2024-11-27 02:06:11
37.491963,126.98949,방배4동,grid_1,,,2025-05-29 03:52:40
37.491963,126.98949,방배4동,grid_0,,,2024-11-01 09:22:02
37.463505,127.05783,내곡동,grid_2,,,2025-02-14 16:58:37
37.463505,127.05783,내곡동,grid_0,,,2024-11-01 21:47:19
37.463505,127.05783,내곡동,grid_2,,,2024-12-30 21:34:38
37.463505,127.05783,내곡동,grid_1,,,2025-01-09 23:44:43
37.463505,127.05783,내곡동,grid_cover,,,2025-04-18 15:04:46
37.487834,127.024474,서초2동,grid_cover,,,2024-12-30 21:41:18
37.487834,127.024474,서초2동,grid_2,,,2025-04-23 00:18:14
37.487834,127.024474,서초2동,grid_0,,,2024-12-03 11:07:51
37.487834,127.024474,서초2동,grid_0,,,2025-01-25 05:46:34
37.487834,127.024474,서초2동,grid_0,,,2025-03-27 11:20:30
37.492916,127.027381,서초2동,grid_2,,,2025-06-08 12:26:59
37.492916,127.027381,서초2동,grid_1,,,2025-04-26 19:56:48
37.492916,127.027381,서초2동,grid_cover,,,2025-05-24 04:58:33
37.492916,127.027381,서초2동,grid_1,,,2024-09-08 06:18:34
37.492916,127.027381,서초2동,grid_2,,,2025-01-21 10:43:54
37.488787,127.010412,서초3동,grid_1,,,2024-09-26 18:41:54
37.488787,127.010412,서초3동,grid_0,,,2025-08-16 02:32:34
37.488787,127.010412,서초3동,grid_2,,,2025-05-22 14:37:12
37.488787,127.010412,서초3동,grid_1,,,2025-04-16 23:55:04
37.488787,127.010412,서초3동,grid_cover,,,2024-10-17 19:58:52
37.495325,127.019736,서초1동,grid_1,,,2025-01-07 10:55:28
37.495325,127.019736,서초1동,grid_0,,,2024-12-01 03:15:20
37.495325,127.019736,서초1동,grid_0,,,2025-05-01 10:08:17
37.495325,127.019736,서초1동,grid_cover,,,2025-01-30 15:57:18
37.495325,127.019736,서초1동,grid_0,,,2025-09-08 10:52:55
37.480181,127.032302,양재1동,grid_cover,,,2025-06-29 23:28:40
37.480181,127.032302,양재1동,grid_cover,,,2025-09-04 15:33:54
37.480181,127.032302,양재1동,grid_2,,,2025-05-30 01:24:13
37.480181,127.032302,양재1동,grid_1,,,2025-08-01 03:24:01
37.480181,127.032302,양재1동,grid_cover,,,2025-08-01 15:27:21
37.486827,127.01889,서초1동,grid_0,,,2025-08-09 10:59:16
37.486827,127.01889,서초1동,grid_0,,,2024-12-16 00:56:23
37.486827,127.01889,서초1동,grid_0,,,2025-05-23 01:30:55
37.486827,127.01889,서초1동,grid_0,,,2025-05-04 10:47:59
37.486827,127.01889,서초1동,grid_0,,,2025-08-29 21:56:11
37.46967,126.987483,방배2동,grid_0,,,2024-11-09 13:08:14
37.46967,126.987483,방배2동,grid_0,,,2025-01-09 21:30:05
37.46967,126.987483,방배2동,grid_1,,,2025-05-07 22:34:53
37.46967,126.987483,방배2동,grid_cover,,,2025-02-15 04:09:26
37.46967,126.987483,방배2동,grid_1,,,2025-05-01 09:12:51
37.500667,127.00168,반포4동,grid_0,,,2024-10-16 15:24:34
37.500667,127.00168,반포4동,grid_0,,,2025-04-30 14:33:07
37.500667,127.00168,반포4동,grid_1,,,2025-04-21 18:55:48
37.500667,127.00168,반포4동,grid_0,,,2024-11-19 23:28:03
37.500667,127.00168,반포4동,grid_0,,,2025-01-18 13:33:36
37.46892,127.044714,양재2동,grid_2,,,2025-09-07 16:57:50
37.46892,127.044714,양재2동,grid_0,,,2025-05-22 21:13:49
37.46892,127.044714,양재2동,grid_0,,,2024-09-03 13:14:25
37.46892,127.044714,양재2동,grid_2,,,2025-06-09 00:46:35
37.46892,127.044714,양재2동,grid_2,,,2025-06-02 05:27:32
37.491172,127.022498,서초1동,grid_2,,,2024-12-29 01:39:26
37.491172,127.022498,서초1동,grid_cover,,,2024-09-28 06:23:23
37.491172,127.022498,서초1동,grid_2,,,2024-12-22 05:44:13
37.491172,127.022498,서초1동,grid_2,,,2024-11-08 12:58:34
37.491172,127.022498,서초1동,grid_2,,,2025-02-19 18:02:04
37.503949,126.995584,반포2동,grid_1,,,2025-05-07 23:21:23
37.503949,126.995584,반포2동,grid_0,,,2025-07-18 03:37:12
37.503949,126.995584,반포2동,grid_2,,,2024-11-21 09:21:12
37.503949,126.995584,반포2동,grid_0,,,2025-05-21 04:05:29
37.503949,126.995584,반포2동,grid_1,,,2025-03-10 20:09:40
37.470158,127.035362,양재2동,grid_0,,,2024-12-16 22:19:22
37.470158,127.035362,양재2동,grid_cover,,,2024-10-10 20:59:14
37.470158,127.035362,양재2동,grid_0,,,2025-01-26 04:17:43
37.470158,127.035362,양재2동,grid_0,,,2024-11-25 07:39:04
37.470158,127.035362,양재2동,grid_0,,,2024-12-06 22:40:18
37.486453,126.99031,방배1동,grid_2,,,2025-06-18 09:17:13
37.486453,126.99031,방배1동,grid_0,,,2025-08-31 22:45:25
37.486453,126.99031,방배1동,grid_1,,,2024-11-30 17:50:35
37.486453,126.99031,방배1동,grid_0,,,2025-05-09 13:14:43
37.486453,126.99031,방배1동,grid_0,,,2025-03-16 01:10:17
37.504775,127.017065,반포1동,grid_0,,,2025-01-26 07:53:12
37.504775,127.017065,반포1동,grid_1,,,2025-06-13 17:01:13
37.504775,127.017065,반포1동,grid_cover,,,2025-07-20 14:14:09
37.504775,127.017065,반포1동,grid_0,,,2025-05-30 04:26:33
37.504775,127.017065,반포1동,grid_2,,,2025-05-10 19:06:57
37.502278,127.022363,서초4동,grid_1,,,2025-07-05 01:29:54
37.502278,127.022363,서초4동,grid_cover,,,2024-12-16 01:19:42
37.502278,127.022363,서초4동,grid_1,,,2025-07-16 23:16:16
37.502278,127.022363,서초4동,grid_2,,,2025-08-06 01:05:18
37.502278,127.022363,서초4동,grid_1,,,2025-07-17 19:42:00
37.480059,127.008675,서초3동,grid_2,,,2024-11-29 10:01:10
37.480059,127.008675,서초3동,grid_1,,,2025-08-09 15:51:35
37.480059,127.008675,서초3동,grid_0,,,2024-12-21 05:04:11
37.480059,127.008675,서초3동,grid_cover,,,2024-11-02 16:29:25
37.480059,127.008675,서초3동,grid_0,,,2025-07-22 09:53:54
37.525461,127.01273,잠원동,grid_2,,,2024-10-09 16:08:26
37.525461,127.01273,잠원동,grid_cover,,,2024-12-16 02:33:56
37.525461,127.01273,잠원동,grid_0,,,2025-08-30 02:15:08
37.525461,127.01273,잠원동,grid_1,,,2024-09-04 05:45:45
37.525461,127.01273,잠원동,grid_0,,,2025-08-29 19:04:13
37.469118,126.995741,방배3동,grid_cover,,,2025-03-03 00:54:26
37.469118,126.995741,방배3동,grid_0,,,2024-09-03 04:08:34
37.469118,126.995741,방배3동,grid_0,,,2025-09-07 05:05:35
37.469118,126.995741,방배3동,grid_0,,,2025-01-23 18:44:18
37.469118,126.995741,방배3동,grid_1,,,2025-07-14 15:19:23
37.48046,127.02995,서초2동,grid_0,,,2025-08-27 04:52:50
37.48046,127.02995,서초2동,grid_0,,,2025-08-13 01:29:03
37.48046,127.02995,서초2동,grid_1,,,2024-12-31 01:20:25
37.48046,127.02995,서초2동,grid_0,,,2025-07-26 07:02:04
37.48046,127.02995,서초2동,grid_0,,,2024-11-21 15:31:49
37.460952,127.015782,양재1동,grid_0,,,2025-04-25 03:57:51
37.460952,127.015782,양재1동,grid_1,,,2025-08-04 06:24:57
37.460952,127.015782,양재1동,grid_1,,,2024-10-05 15:51:06
37.460952,127.015782,양재1동,grid_2,,,2025-04-07 01:26:09
37.460952,127.015782,양재1동,grid_0,,,2025-07-03 01:50:23
37.462558,127.009309,양재1동,grid_cover,,,2024-10-12 22:19:31
37.462558,127.009309,양재1동,grid_2,,,2025-03-30 07:39:03
37.462558,127.009309,양재1동,grid_cover,,,2025-04-20 05:05:40
37.462558,127.009309,양재1동,grid_1,,,2024-10-19 15:54:40
37.462558,127.009309,양재1동,grid_0,,,2025-06-18 09:11:07
37.505232,126.985788,반포본동,grid_0,,,2025-08-31 05:19:58
37.505232,126.985788,반포본동,grid_0,,,2025-08-31 15:17:31
37.505232,126.985788,반포본동,grid_2,,,2025-02-07 01:03:42
37.505232,126.985788,반포본동,grid_2,,,2025-07-24 20:12:31
37.505232,126.985788,반포본동,grid_0,,,2025-01-04 22:12:16
37.503655,126.993678,반포2동,grid_1,,,2025-04-12 02:25:46
37.503655,126.993678,반포2동,grid_0,,,2025-02-20 23:20:11
37.503655,126.993678,반포2동,grid_0,,,2024-09-20 09:31:32
37.503655,126.993678,반포2동,grid_0,,,2025-01-30 05:23:37
37.503655,126.993678,반포2동,grid_0,,,2024-12-27 22:50:31
37.481719,127.027061,서초2동,grid_2,,,2025-05-25 12:42:02
37.481719,127.027061,서초2동,grid_1,,,2025-09-05 17:05:56
37.481719,127.027061,서초2동,grid_cover,,,2025-02-01 13:26:07
37.481719,127.027061,서초2동,grid_0,,,2024-10-17 23:20:12
37.481719,127.027061,서초2동,grid_1,,,2025-03-01 20:43:07
37.507932,127.009498,반포3동,grid_0,,,2024-12-04 10:35:39
37.507932,127.009498,반포3동,grid_2,,,2025-05-12 20:09:23
37.507932,127.009498,반포3동,grid_2,,,2025-08-09 12:53:21
37.507932,127.009498,반포3동,grid_0,,,2024-10-29 04:41:59
37.507932,127.009498,반포3동,grid_cover,,,2025-06-19 10:55:29
37.489627,127.020008,서초1동,grid_2,,,2024-12-12 00:13:33
37.489627,127.020008,서초1동,grid_2,,,2025-05-29 17:38:26
37.489627,127.020008,서초1동,grid_0,,,2025-01-16 06:14:22
37.489627,127.020008,서초1동,grid_cover,,,2025-03-14 10:45:56
37.489627,127.020008,서초1동,grid_cover,,,2024-12-09 09:30:19
37.489825,126.992682,방배4동,grid_0,,,2025-08-23 20:57:38
37.489825,126.992682,방배4동,grid_0,,,2024-11-12 17:27:47
37.489825,126.992682,방배4동,grid_0,,,2025-07-09 00:50:36
37.489825,126.992682,방배4동,grid_2,,,2024-09-19 14:10:29
37.489825,126.992682,방배4동,grid_1,,,2025-06-05 04:30:09
37.478293,127.028358,양재1동,grid_2,,,2025-08-05 17:04:21
37.478293,127.028358,양재1동,grid_2,,,2025-04-17 16:42:23
37.478293,127.028358,양재1동,grid_0,,,2025-07-01 10:11:14
37.478293,127.028358,양재1동,grid_cover,,,2024-11-11 02:30:39
37.478293,127.028358,양재1동,grid_2,,,2024-10-26 17:35:14
37.48429,127.018559,서초1동,grid_0,,,2025-05-27 04:19:56
37.48429,127.018559,서초1동,grid_0,,,2024-09-25 05:43:38
37.48429,127.018559,서초1동,grid_cover,,,2024-09-13 16:03:08
37.48429,127.018559,서초1동,grid_1,,,2025-03-04 10:20:02
37.48429,127.018559,서초1동,grid_0,,,2024-12-04 23:57:30
37.4822,127.004144,서초3동,grid_cover,,,2025-01-21 11:19:00
37.4822,127.004144,서초3동,grid_1,,,2024-10-14 10:02:16
37.4822,127.004144,서초3동,grid_1,,,2025-02-28 17:38:05
37.4822,127.004144,서초3동,grid_1,,,2025-04-22 10:58:32
37.4822,127.004144,서초3동,grid_cover,,,2025-02-05 13:14:54
37.462002,126.990329,방배2동,grid_cover,,,2025-07-23 11:57:29
37.462002,126.990329,방배2동,grid_0,,,2025-02-02 19:45:48
37.462002,126.990329,방배2동,grid_0,,,2025-04-11 08:04:50
37.462002,126.990329,방배2동,grid_cover,,,2025-04-29 07:19:09
37.462002,126.990329,방배2동,grid_2,,,2024-09-08 05:23:47
37.504678,126.99218,반포2동,grid_0,,,2024-11-05 10:32:20
37.504678,126.99218,반포2동,grid_cover,,,2025-08-29 04:15:47
37.504678,126.99218,반포2동,grid_2,,,2024-11-06 21:13:42
37.504678,126.99218,반포2동,grid_0,,,2024-09-22 07:27:02
37.504678,126.99218,반포2동,grid_cover,,,2025-05-25 08:56:47
37.525132,127.014439,잠원동,grid_cover,,,2025-05-16 09:40:27
37.525132,127.014439,잠원동,grid_0,,,2025-01-01 02:37:15
37.525132,127.014439,잠원동,grid_cover,,,2025-08-07 02:21:22
37.525132,127.014439,잠원동,grid_0,,,2025-03-11 09:36:22
37.525132,127.014439,잠원동,grid_cover,,,2025-03-14 10:11:04
37.492084,126.99093,방배4동,grid_1,,,2025-04-05 18:27:31
37.492084,126.99093,방배4동,grid_0,,,2025-08-11 17:22:10
37.492084,126.99093,방배4동,grid_cover,,,2025-08-05 12:53:50
37.492084,126.99093,방배4동,grid_2,,,2025-01-03 05:43:56
37.492084,126.99093,방배4동,grid_2,,,2025-07-26 10:44:22
37.467496,127.059606,내곡동,grid_0,,,2025-01-10 15:16:47
37.467496,127.059606,내곡동,grid_0,,,2025-01-17 12:23:53
37.467496,127.059606,내곡동,grid_cover,,,2025-06-16 18:57:26
37.467496,127.059606,내곡동,grid_2,,,2025-01-27 20:13:46
37.467496,127.059606,내곡동,grid_0,,,2025-05-25 02:18:43
37.468159,127.035717,양재2동,grid_2,,,2024-11-17 10:28:25
37.468159,127.035717,양재2동,grid_0,,,2024-12-04 21:39:44
37.468159,127.035717,양재2동,grid_2,,,2025-01-24 17:33:24
37.468159,127.035717,양재2동,grid_0,,,2025-05-23 02:58:17
37.468159,127.035717,양재2동,grid_2,,,2024-11-11 21:13:43
37.451348,127.051131,양재2동,grid_0,,,2024-09-10 22:34:28
37.451348,127.051131,양재2동,grid_0,,,2025-08-31 15:15:29
37.451348,127.051131,양재2동,grid_cover,,,2024-11-23 10:43:17
37.451348,127.051131,양재2동,grid_0,,,2024-09-26 19:29:16
37.451348,127.051131,양재2동,grid_cover,,,2025-08-03 17:44:13
37.460844,127.057256,내곡동,grid_2,,,2024-12-26 00:30:57
37.460844,127.057256,내곡동,grid_2,,,2024-10-17 03:34:25
37.460844,127.057256,내곡동,grid_cover,,,2024-11-26 02:55:53
37.460844,127.057256,내곡동,grid_1,,,2025-07-08 18:13:28
37.460844,127.057256,내곡동,grid_2,,,2025-01-17 04:21:03
37.478538,127.000061,방배3동,grid_2,,,2025-06-06 23:14:40
37.478538,127.000061,방배3동,grid_1,,,2024-09-26 18:58:24
37.478538,127.000061,방배3동,grid_cover,,,2024-11-28 01:00:11
37.478538,127.000061,방배3동,grid_cover,,,2024-10-05 17:07:49
37.478538,127.000061,방배3동,grid_1,,,2024-12-17 22:21:00
37.478785,126.989388,방배2동,grid_2,,,2025-03-30 10:39:16
37.478785,126.989388,방배2동,grid_1,,,2025-05-10 10:19:48
37.478785,126.989388,방배2동,grid_1,,,2025-07-26 07:37:33
37.478785,126.989388,방배2동,grid_cover,,,2025-04-09 15:43:37
37.478785,126.989388,방배2동,grid_2,,,2025-06-27 20:12:33
37.462737,126.993396,방배2동,grid_2,,,2025-07-04 22:46:43
37.462737,126.993396,방배2동,grid_0,,,2024-09-17 12:26:19
37.462737,126.993396,방배2동,grid_0,,,2025-07-03 08:38:19
37.462737,126.993396,방배2동,grid_0,,,2025-08-13 10:42:50
37.462737,126.993396,방배2동,grid_cover,,,2025-06-26 18:30:24
37.481276,127.00558,서초3동,grid_cover,,,2024-12-01 16:51:05
37.481276,127.00558,서초3동,grid_1,,,2025-04-26 09:32:58
37.481276,127.00558,서초3동,grid_2,,,2025-08-25 10:59:17
37.481276,127.00558,서초3동,grid_0,,,2024-12-07 15:30:24
37.481276,127.00558,서초3동,grid_1,,,2024-10-18 00:52:12
37.504646,126.992656,반포2동,grid_0,,,2025-07-20 12:43:14
37.504646,126.992656,반포2동,grid_0,,,2024-10-20 18:52:35
37.504646,126.992656,반포2동,grid_2,,,2025-06-25 12:13:25
37.504646,126.992656,반포2동,grid_cover,,,2024-11-03 17:51:35
37.504646,126.992656,반포2동,grid_cover,,,2025-08-17 04:58:28
37.476359,127.0133,서초3동,grid_0,,,2024-10-28 11:44:59
37.476359,127.0133,서초3동,grid_cover,,,2024-11-15 18:53:46
37.476359,127.0133,서초3동,grid_cover,,,2025-01-13 11:11:39
37.476359,127.0133,서초3동,grid_cover,,,2025-06-05 11:38:24
37.476359,127.0133,서초3동,grid_0,,,2025-03-31 11:51:32
37.458549,127.017772,양재1동,grid_1,,,2025-01-04 14:14:18
37.458549,127.017772,양재1동,grid_0,,,2025-08-26 13:30:59
37.458549,127.017772,양재1동,grid_0,,,2025-03-16 11:31:09
37.458549,127.017772,양재1동,grid_1,,,2025-03-18 04:44:29
37.458549,127.017772,양재1동,grid_cover,,,2025-03-07 00:03:05
37.495686,127.000124,반포4동,grid_2,,,2024-10-23 07:35:37
37.495686,127.000124,반포4동,grid_1,,,2025-01-21 20:56:54
37.495686,127.000124,반포4동,grid_0,,,2024-10-16 05:59:25
37.495686,127.000124,반포4동,grid_0,,,2025-05-15 20:25:50
37.495686,127.000124,반포4동,grid_0,,,2024-10-13 06:58:45
37.4839,127.030288,서초2동,grid_1,,,2024-12-24 00:30:48
37.4839,127.030288,서초2동,grid_2,,,2025-02-12 13:50:36
37.4839,127.030288,서초2동,grid_1,,,2025-04-21 08:09:00
37.4839,127.030288,서초2동,grid_0,,,2024-10-10 19:41:29
37.4839,127.030288,서초2동,grid_0,,,2024-12-25 16:05:22
37.477066,127.005777,방배3동,grid_1,,,2025-01-07 19:16:14
37.477066,127.005777,방배3동,grid_1,,,2024-12-29 19:36:31
37.477066,127.005777,방배3동,grid_2,,,2025-02-02 02:43:00
37.477066,127.005777,방배3동,grid_1,,,2025-01-30 03:45:19
37.477066,127.005777,방배3동,grid_1,,,2024-09-26 12:07:08
37.506417,126.994695,반포2동,grid_0,,,2025-06-01 21:42:56
37.506417,126.994695,반포2동,grid_0,,,2024-11-24 08:44:31
37.506417,126.994695,반포2동,grid_0,,,2025-04-25 08:53:30
37.506417,126.994695,반포2동,grid_cover,,,2025-08-24 23:24:47
37.506417,126.994695,반포2동,grid_cover,,,2025-01-06 17:21:23
37.507578,126.981508,반포본동,grid_0,,,2025-08-09 20:21:47
37.507578,126.981508,반포본동,grid_0,,,2024-10-07 17:21:12
37.507578,126.981508,반포본동,grid_0,,,2024-10-28 03:11:32
37.507578,126.981508,반포본동,grid_1,,,2025-05-22 05:02:45
37.507578,126.981508,반포본동,grid_0,,,2024-09-06 14:29:34
37.482774,127.000364,방배1동,grid_0,,,2025-06-12 04:39:59
37.482774,127.000364,방배1동,grid_0,,,2025-01-24 09:38:41
37.482774,127.000364,방배1동,grid_0,,,2025-05-23 09:33:01
37.482774,127.000364,방배1동,grid_0,,,2025-06-02 06:27:38
37.482774,127.000364,방배1동,grid_1,,,2025-08-24 09:35:36
37.496234,127.001331,반포4동,grid_cover,,,2025-01-19 14:13:42
37.496234,127.001331,반포4동,grid_0,,,2025-02-27 21:50:08
37.496234,127.001331,반포4동,grid_2,,,2024-09-15 15:01:03
37.496234,127.001331,반포4동,grid_1,,,2024-09-05 00:25:59
37.496234,127.001331,반포4동,grid_2,,,2025-02-13 00:57:15
37.480378,127.018204,서초3동,grid_1,,,2025-06-17 10:23:43
37.480378,127.018204,서초3동,grid_1,,,2025-05-22 09:20:55
37.480378,127.018204,서초3동,grid_2,,,2024-10-29 22:30:55
37.480378,127.018204,서초3동,grid_1,,,2024-09-15 08:46:30
37.480378,127.018204,서초3동,grid_2,,,2025-02-26 14:14:23
37.483408,127.033017,서초2동,grid_0,,,2025-04-25 13:11:25
37.483408,127.033017,서초2동,grid_cover,,,2025-09-01 12:40:39
37.483408,127.033017,서초2동,grid_0,,,2024-12-27 04:21:06
37.483408,127.033017,서초2동,grid_cover,,,2024-12-27 13:21:41
37.483408,127.033017,서초2동,grid_cover,,,2025-08-27 04:15:52
37.507318,127.014932,반포1동,grid_0,,,2025-08-10 21:46:51
37.507318,127.014932,반포1동,grid_0,,,2025-02-10 11:51:00
37.507318,127.014932,반포1동,grid_1,,,2025-03-31 20:22:36
37.507318,127.014932,반포1동,grid_2,,,2025-04-05 22:21:38
37.507318,127.014932,반포1동,grid_2,,,2024-12-10 10:23:24
37.481501,127.017551,서초3동,grid_0,,,2025-08-26 16:25:58
37.481501,127.017551,서초3동,grid_cover,,,2024-10-08 19:35:03
37.481501,127.017551,서초3동,grid_0,,,2025-05-29 10:45:02
37.481501,127.017551,서초3동,grid_0,,,2024-10-29 19:56:44
37.481501,127.017551,서초3동,grid_1,,,2025-02-11 16:25:01
37.470111,126.985118,방배2동,grid_0,,,2025-04-09 02:43:58
37.470111,126.985118,방배2동,grid_2,,,2025-02-28 07:20:59
37.470111,126.985118,방배2동,grid_1,,,2025-05-01 09:40:51
37.470111,126.985118,방배2동,grid_cover,,,2025-01-26 11:09:30
37.470111,126.985118,방배2동,grid_2,,,2024-10-18 21:53:02
37.522867,127.007439,잠원동,grid_0,,,2024-10-17 03:55:13
37.522867,127.007439,잠원동,grid_2,,,2025-02-14 07:11:29
37.522867,127.007439,잠원동,grid_cover,,,2025-04-19 15:18:08
37.522867,127.007439,잠원동,grid_cover,,,2025-04-27 00:30:16
37.522867,127.007439,잠원동,grid_1,,,2024-09-20 18:22:06
37.453228,127.04579,양재2동,grid_2,,,2025-06-27 14:01:54
37.453228,127.04579,양재2동,grid_0,,,2025-03-27 08:01:07
37.453228,127.04579,양재2동,grid_2,,,2025-08-29 03:24:44
37.453228,127.04579,양재2동,grid_0,,,2024-10-09 17:46:34
37.453228,127.04579,양재2동,grid_1,,,2024-09-28 06:20:53
37.465116,127.047448,내곡동,grid_0,,,2025-01-13 11:39:43
37.465116,127.047448,내곡동,grid_0,,,2024-09-18 21:52:48
37.465116,127.047448,내곡동,grid_2,,,2025-06-13 05:44:03
37.465116,127.047448,내곡동,grid_0,,,2025-07-17 13:33:59
37.465116,127.047448,내곡동,grid_0,,,2024-12-20 01:33:24
37.468035,127.004998,양재1동,grid_0,,,2025-02-10 11:52:22
37.468035,127.004998,양재1동,grid_cover,,,2025-05-03 23:46:26
37.468035,127.004998,양재1동,grid_1,,,2025-04-01 15:27:05
37.468035,127.004998,양재1동,grid_0,,,2025-06-03 18:24:21
37.468035,127.004998,양재1동,grid_1,,,2024-10-27 09:02:40
37.451123,127.058758,내곡동,grid_1,,,2025-05-06 22:53:33
37.451123,127.058758,내곡동,grid_0,,,2025-07-10 12:17:44
37.451123,127.058758,내곡동,grid_0,,,2025-01-10 07:42:20
37.451123,127.058758,내곡동,grid_cover,,,2025-03-22 21:25:13
37.451123,127.058758,내곡동,grid_1,,,2025-08-16 23:28:13
37.467542,127.025673,양재1동,grid_1,,,2025-05-31 04:56:57
37.467542,127.025673,양재1동,grid_0,,,2025-06-25 03:11:20
37.467542,127.025673,양재1동,grid_1,,,2024-09-10 21:05:02
37.467542,127.025673,양재1동,grid_2,,,2025-08-15 15:39:39
37.467542,127.025673,양재1동,grid_0,,,2025-06-09 17:38:19
37.512974,127.012853,잠원동,grid_0,,,2025-05-18 06:54:49
37.512974,127.012853,잠원동,grid_1,,,2025-01-04 16:23:59
37.512974,127.012853,잠원동,grid_0,,,2024-12-27 08:57:05
37.512974,127.012853,잠원동,grid_0,,,2025-07-15 17:46:24
37.512974,127.012853,잠원동,grid_2,,,2024-10-27 19:49:16
37.460095,127.044927,양재2동,grid_cover,,,2025-07-21 10:40:21
37.460095,127.044927,양재2동,grid_0,,,2025-05-16 08:44:22
37.460095,127.044927,양재2동,grid_1,,,2025-06-22 02:43:01
37.460095,127.044927,양재2동,grid_0,,,2024-11-30 20:10:36
37.460095,127.044927,양재2동,grid_cover,,,2024-09-04 20:35:33
37.509167,126.991827,반포2동,grid_2,,,2024-12-18 00:04:44
37.509167,126.991827,반포2동,grid_2,,,2024-11-14 22:05:33
37.509167,126.991827,반포2동,grid_0,,,2024-10-04 21:47:02
37.509167,126.991827,반포2동,grid_0,,,2025-05-06 16:29:30
37.509167,126.991827,반포2동,grid_2,,,2025-07-08 17:29:42
37.469485,127.036082,양재2동,grid_0,,,2025-08-30 18:55:36
37.469485,127.036082,양재2동,grid_1,,,2024-10-01 01:40:39
37.469485,127.036082,양재2동,grid_0,,,2024-10-26 23:19:43
37.469485,127.036082,양재2동,grid_1,,,2025-03-01 03:36:11
37.469485,127.036082,양재2동,grid_0,,,2024-10-28 18:06:56
37.512628,126.984438,반포본동,grid_1,,,2025-09-03 11:04:55
37.512628,126.984438,반포본동,grid_cover,,,2025-02-28 16:19:10
37.512628,126.984438,반포본동,grid_2,,,2024-12-19 01:07:04
37.512628,126.984438,반포본동,grid_1,,,2024-11-13 05:59:05
37.512628,126.984438,반포본동,grid_2,,,2025-05-26 18:04:31
37.45874,127.047329,내곡동,grid_2,,,2024-10-13 07:37:50
37.45874,127.047329,내곡동,grid_1,,,2024-11-13 09:51:36
37.45874,127.047329,내곡동,grid_0,,,2025-04-20 04:52:55
37.45874,127.047329,내곡동,grid_0,,,2025-04-19 05:59:16
37.45874,127.047329,내곡동,grid_2,,,2024-09-16 11:47:50
37.479559,127.031904,양재1동,grid_0,,,2024-12-17 04:53:48
37.479559,127.031904,양재1동,grid_0,,,2024-10-18 23:02:49
37.479559,127.031904,양재1동,grid_0,,,2025-06-21 16:40:19
37.479559,127.031904,양재1동,grid_0,,,2025-01-17 14:57:56
37.479559,127.031904,양재1동,grid_cover,,,2025-04-20 19:35:36
37.461713,127.040804,양재2동,grid_cover,,,2024-12-21 14:52:10
37.461713,127.040804,양재2동,grid_0,,,2025-07-20 20:25:49
37.461713,127.040804,양재2동,grid_2,,,2024-12-02 22:36:29
37.461713,127.040804,양재2동,grid_2,,,2025-01-02 03:15:08
37.461713,127.040804,양재2동,grid_0,,,2025-08-26 11:53:15
37.463449,127.055932,내곡동,grid_1,,,2025-04-01 06:09:22
37.463449,127.055932,내곡동,grid_2,,,2025-04-11 21:00:29
37.463449,127.055932,내곡동,grid_cover,,,2025-02-01 09:38:41
37.463449,127.055932,내곡동,grid_1,,,2024-12-26 14:34:47
37.463449,127.055932,내곡동,grid_0,,,2025-02-05 06:26:45
37.505994,126.993383,반포2동,grid_1,,,2025-01-21 14:33:43
37.505994,126.993383,반포2동,grid_2,,,2025-07-31 07:29:16
37.505994,126.993383,반포2동,grid_0,,,2025-02-05 17:51:33
37.505994,126.993383,반포2동,grid_1,,,2024-12-14 18:36:29
37.505994,126.993383,반포2동,grid_2,,,2024-12-08 03:20:15
37.459893,127.033932,양재2동,grid_1,,,2025-05-24 18:57:35
37.459893,127.033932,양재2동,grid_2,,,2025-03-06 18:29:45
37.459893,127.033932,양재2동,grid_0,,,2025-03-08 20:48:03
37.459893,127.033932,양재2동,grid_0,,,2024-09-17 14:02:01
37.459893,127.033932,양재2동,grid_cover,,,2025-02-28 20:01:36
37.49995,127.016603,서초4동,grid_1,,,2025-08-10 07:32:18
37.49995,127.016603,서초4동,grid_1,,,2024-09-27 03:42:25
37.49995,127.016603,서초4동,grid_0,,,2025-04-03 13:08:10
37.49995,127.016603,서초4동,grid_0,,,2025-08-10 12:37:24
37.49995,127.016603,서초4동,grid_cover,,,2025-04-05 18:04:59
37.48246,126.983872,방배2동,grid_cover,,,2025-08-13 15:49:42
37.48246,126.983872,방배2동,grid_cover,,,2025-08-21 12:09:04
37.48246,126.983872,방배2동,grid_0,,,2024-11-13 19:09:50
37.48246,126.983872,방배2동,grid_0,,,2024-11-18 20:25:16
37.48246,126.983872,방배2동,grid_0,,,2025-07-07 23:34:39
37.508675,127.011048,반포3동,grid_2,,,2025-06-26 07:00:12
37.508675,127.011048,반포3동,grid_2,,,2025-04-30 00:59:18
37.508675,127.011048,반포3동,grid_0,,,2025-07-02 08:43:19
37.508675,127.011048,반포3동,grid_0,,,2025-06-15 16:36:20
37.508675,127.011048,반포3동,grid_2,,,2025-07-17 15:07:09
37.484471,126.995436,방배1동,grid_1,,,2025-04-30 00:48:23
37.484471,126.995436,방배1동,grid_0,,,2024-12-02 23:31:08
37.484471,126.995436,방배1동,grid_0,,,2025-04-18 11:11:41
37.484471,126.995436,방배1동,grid_0,,,2025-07-14 18:59:35
37.484471,126.995436,방배1동,grid_cover,,,2025-07-01 13:01:08
37.483065,127.007817,서초3동,grid_cover,,,2024-09-09 23:31:43
37.483065,127.007817,서초3동,grid_0,,,2025-05-20 07:59:58
37.483065,127.007817,서초3동,grid_2,,,2025-05-19 18:48:36
37.483065,127.007817,서초3동,grid_2,,,2024-11-13 10:14:40
37.483065,127.007817,서초3동,grid_0,,,2025-08-06 15:23:56
37.461805,126.989581,방배2동,grid_0,,,2024-09-24 15:04:49
37.461805,126.989581,방배2동,grid_0,,,2024-10-19 05:52:37
37.461805,126.989581,방배2동,grid_0,,,2024-12-14 16:31:01
37.461805,126.989581,방배2동,grid_0,,,2025-05-10 17:33:56
37.461805,126.989581,방배2동,grid_0,,,2025-06-07 05:54:30
37.456689,127.019453,양재1동,grid_cover,,,2024-11-27 16:36:11
37.456689,127.019453,양재1동,grid_0,,,2025-01-11 01:25:12
37.456689,127.019453,양재1동,grid_2,,,2025-07-08 14:21:52
37.456689,127.019453,양재1동,grid_cover,,,2024-11-06 05:03:16
37.456689,127.019453,양재1동,grid_2,,,2025-06-10 16:26:10
37.496552,126.984853,방배본동,grid_1,,,2025-05-25 21:20:04
37.496552,126.984853,방배본동,grid_0,,,2024-11-10 03:10:38
37.496552,126.984853,방배본동,grid_0,,,2025-07-31 19:23:41
37.496552,126.984853,방배본동,grid_cover,,,2025-03-10 11:56:38
37.496552,126.984853,방배본동,grid_0,,,2025-01-07 02:05:58
37.4655,126.9887,방배2동,grid_0,,,2025-01-30 19:53:31
37.4655,126.9887,방배2동,grid_0,,,2025-09-02 11:45:53
37.4655,126.9887,방배2동,grid_2,,,2025-05-15 19:23:47
37.4655,126.9887,방배2동,grid_0,,,2025-03-15 01:57:01
37.4655,126.9887,방배2동,grid_2,,,2025-04-04 10:22:55
37.473047,126.99079,방배3동,grid_2,,,2025-01-09 19:08:25
37.473047,126.99079,방배3동,grid_0,,,2025-02-06 05:54:48
37.473047,126.99079,방배3동,grid_1,,,2025-06-21 15:44:58
37.473047,126.99079,방배3동,grid_cover,,,2025-04-02 15:30:53
37.473047,126.99079,방배3동,grid_1,,,2025-03-26 17:50:23
37.472424,126.987817,방배3동,grid_cover,,,2025-06-22 14:36:08
37.472424,126.987817,방배3동,grid_2,,,2024-11-24 19:58:12
37.472424,126.987817,방배3동,grid_2,,,2024-11-18 11:13:40
37.472424,126.987817,방배3동,grid_0,,,2025-04-24 22:46:53
37.472424,126.987817,방배3동,grid_cover,,,2024-09-17 15:35:05
37.485117,127.030723,서초2동,grid_0,,,2025-03-24 15:31:16
37.485117,127.030723,서초2동,grid_1,,,2025-07-29 14:36:28
37.485117,127.030723,서초2동,grid_1,,,2025-08-25 15:52:56
37.485117,127.030723,서초2동,grid_0,,,2024-11-14 07:32:05
37.485117,127.030723,서초2동,grid_2,,,2025-06-09 12:15:00
37.464893,127.014285,양재1동,grid_1,,,2024-09-29 00:02:24
37.464893,127.014285,양재1동,grid_1,,,2025-05-17 19:12:42
37.464893,127.014285,양재1동,grid_2,,,2025-09-05 13:40:13
37.464893,127.014285,양재1동,grid_0,,,2025-08-03 22:18:08
37.464893,127.014285,양재1동,grid_0,,,2025-01-05 08:25:28
37.509808,126.98504,반포본동,grid_cover,,,2024-11-30 21:36:35
37.509808,126.98504,반포본동,grid_2,,,2025-03-08 07:25:51
37.509808,126.98504,반포본동,grid_0,,,2024-11-05 14:45:29
37.509808,126.98504,반포본동,grid_cover,,,2025-03-12 11:08:49
37.509808,126.98504,반포본동,grid_0,,,2025-06-14 13:36:19
37.460693,127.022752,양재1동,grid_1,,,2024-09-28 00:55:10
37.460693,127.022752,양재1동,grid_0,,,2025-03-02 23:16:51
37.460693,127.022752,양재1동,grid_cover,,,2025-02-12 17:04:25
37.460693,127.022752,양재1동,grid_0,,,2025-07-28 23:27:20
37.460693,127.022752,양재1동,grid_0,,,2025-01-15 07:33:26
37.514037,127.006322,반포3동,grid_2,,,2025-01-16 11:50:06
37.514037,127.006322,반포3동,grid_2,,,2025-04-04 19:35:53
37.514037,127.006322,반포3동,grid_2,,,2024-09-16 13:22:11
37.514037,127.006322,반포3동,grid_0,,,2025-03-09 17:33:02
37.514037,127.006322,반포3동,grid_1,,,2024-11-22 03:07:05
37.521144,127.014318,잠원동,grid_cover,,,2024-12-20 11:31:24
37.521144,127.014318,잠원동,grid_2,,,2025-07-02 23:06:45
37.521144,127.014318,잠원동,grid_1,,,2025-09-03 20:50:06
37.521144,127.014318,잠원동,grid_cover,,,2025-05-05 20:58:34
37.521144,127.014318,잠원동,grid_cover,,,2024-11-29 07:45:28
37.520967,127.012996,잠원동,grid_cover,,,2025-01-14 15:21:43
37.520967,127.012996,잠원동,grid_cover,,,2025-07-20 03:59:53
37.520967,127.012996,잠원동,grid_0,,,2025-03-04 11:42:51
37.520967,127.012996,잠원동,grid_0,,,2025-05-19 23:02:11
37.520967,127.012996,잠원동,grid_2,,,2024-11-30 20:08:02
37.499329,126.988564,반포본동,grid_cover,,,2025-02-13 01:34:42
37.499329,126.988564,반포본동,grid_0,,,2024-12-07 01:14:02
37.499329,126.988564,반포본동,grid_0,,,2025-05-10 13:03:59
37.499329,126.988564,반포본동,grid_0,,,2024-12-04 10:20:43
37.499329,126.988564,반포본동,grid_0,,,2024-12-08 09:21:56
37.462079,126.988137,방배2동,grid_0,,,2024-10-15 01:37:07
37.462079,126.988137,방배2동,grid_0,,,2025-08-25 02:54:36
37.462079,126.988137,방배2동,grid_0,,,2025-07-21 12:07:08
37.462079,126.988137,방배2동,grid_1,,,2024-12-31 02:21:47
37.462079,126.988137,방배2동,grid_2,,,2024-10-24 16:23:23
37.478478,127.001947,방배3동,grid_2,,,2025-08-27 11:20:47
37.478478,127.001947,방배3동,grid_1,,,2025-03-10 22:42:08
37.478478,127.001947,방배3동,grid_0,,,2025-04-06 19:35:22
37.478478,127.001947,방배3동,grid_0,,,2024-11-06 07:35:39
37.478478,127.001947,방배3동,grid_0,,,2025-06-27 09:11:36
37.470551,127.038938,양재2동,grid_cover,,,2025-03-08 07:13:47
37.470551,127.038938,양재2동,grid_0,,,2025-04-23 21:44:58
37.470551,127.038938,양재2동,grid_1,,,2025-06-30 10:05:46
37.470551,127.038938,양재2동,grid_0,,,2025-04-29 23:10:37
37.470551,127.038938,양재2동,grid_0,,,2025-08-30 08:57:51
37.492112,127.005687,서초3동,grid_0,,,2025-01-18 02:13:40
37.492112,127.005687,서초3동,grid_0,,,2025-03-12 00:05:19
37.492112,127.005687,서초3동,grid_0,,,2025-04-20 11:31:30
37.492112,127.005687,서초3동,grid_1,,,2025-05-03 22:44:17
37.492112,127.005687,서초3동,grid_0,,,2024-09-08 16:50:40
37.496959,126.983205,방배본동,grid_2,,,2025-07-25 11:41:10
37.496959,126.983205,방배본동,grid_2,,,2025-08-26 07:59:49
37.496959,126.983205,방배본동,grid_1,,,2025-02-21 04:36:23
37.496959,126.983205,방배본동,grid_0,,,2024-09-01 04:40:08
37.496959,126.983205,방배본동,grid_2,,,2025-05-22 10:54:02
37.504055,126.99857,반포2동,grid_0,,,2025-04-26 15:55:58
37.504055,126.99857,반포2동,grid_cover,,,2025-01-20 18:49:09
37.504055,126.99857,반포2동,grid_0,,,2025-06-22 06:48:51
37.504055,126.99857,반포2동,grid_2,,,2024-12-05 03:18:42
37.504055,126.99857,반포2동,grid_1,,,2025-03-26 11:10:24
37.468375,127.009222,양재1동,grid_0,,,2025-03-16 23:20:07
37.468375,127.009222,양재1동,grid_cover,,,2024-09-20 15:33:04
37.468375,127.009222,양재1동,grid_2,,,2025-06-06 20:45:05
37.468375,127.009222,양재1동,grid_cover,,,2024-12-15 08:40:32
37.468375,127.009222,양재1동,grid_cover,,,2025-07-16 15:08:44
37.491207,126.994667,방배4동,grid_0,,,2025-02-10 03:38:14
37.491207,126.994667,방배4동,grid_cover,,,2025-04-18 16:17:03
37.491207,126.994667,방배4동,grid_0,,,2024-09-22 22:23:09
37.491207,126.994667,방배4동,grid_2,,,2025-02-16 00:06:48
37.491207,126.994667,방배4동,grid_2,,,2025-06-06 18:15:02
37.480531,126.982406,방배2동,grid_0,,,2024-12-03 07:14:54
37.480531,126.982406,방배2동,grid_cover,,,2025-08-06 04:42:50
37.480531,126.982406,방배2동,grid_2,,,2025-07-03 04:34:37
37.480531,126.982406,방배2동,grid_0,,,2025-06-23 10:09:44
37.480531,126.982406,방배2동,grid_cover,,,2025-03-24 10:31:59
37.480834,126.996081,방배3동,grid_1,,,2025-01-18 22:18:20
37.480834,126.996081,방배3동,grid_0,,,2025-01-24 04:41:39
37.480834,126.996081,방배3동,grid_1,,,2025-06-24 17:52:33
37.480834,126.996081,방배3동,grid_1,,,2025-04-25 01:48:45
37.480834,126.996081,방배3동,grid_cover,,,2024-10-27 12:19:24
37.467131,127.030299,양재2동,grid_0,,,2025-08-14 23:33:46
37.467131,127.030299,양재2동,grid_2,,,2024-11-12 13:09:50
37.467131,127.030299,양재2동,grid_0,,,2025-08-29 11:23:41
37.467131,127.030299,양재2동,grid_0,,,2025-08-30 20:19:18
37.467131,127.030299,양재2동,grid_cover,,,2024-10-18 22:40:50
37.513407,127.005066,반포3동,grid_2,,,2024-09-04 23:40:44
37.513407,127.005066,반포3동,grid_2,,,2025-08-02 21:59:30
37.513407,127.005066,반포3동,grid_cover,,,2025-01-25 06:25:12
37.513407,127.005066,반포3동,grid_2,,,2025-02-08 09:53:04
37.513407,127.005066,반포3동,grid_0,,,2025-02-25 21:00:20
37.4829932,127.0209925,서초1동,grid_0,./results/images/original/20250731_130343.jpg,./results/images/predicted/result_20250731_130343.jpg,2025-09-11 15:59:02
37.4832399,127.02025879972223,서초1동,grid_cover,./results/images/original/20250731_130520.jpg,./results/images/predicted/result_20250731_130520.jpg,2025-09-11 15:59:37
37.4832399,127.02025879972223,서초1동,grid_2,./results/images/original/20250731_130605.jpg,./results/images/predicted/result_20250731_130605.jpg,2025-09-11 15:59:49
37.4832399,127.02025879972223,서초1동,grid_cover,./results/images/original/20250731_130613.jpg,./results/images/predicted/result_20250731_130613.jpg,2025-09-11 16:00:00
37.483532699722225,127.0201655,서초1동,grid_2,./results/images/original/20250731_130713.jpg,./results/images/predicted/result_20250731_130713.jpg,2025-09-11 16:00:15
37.4851959,127.04186289972222,,미검출,./results/images/original/20250802_193701.jpg,./results/images/predicted/result_20250802_193701.jpg,2025-09-11 16:00:25
37.484533399722224,127.0426183,,grid_cover,./results/images/original/20250802_193849.jpg,./results/images/predicted/result_20250802_193849.jpg,2025-09-11 16:00:35
37.468480999722225,127.0358365,양재2동,미검출,./results/images/original/20250810_181600.jpg,./results/images/predicted/result_20250810_181600.jpg,2025-09-11 16:00:45
37.468480999722225,127.0358365,양재2동,미검출,./results/images/original/20250810_181600.jpg,./results/images/predicted/result_20250810_181600.jpg,2025-09-11 16:00:45
